basin,count,mean_km,median_km,p90_km,p95_km,max_km
20,1729,79.7946469520978,61.670369277868026,159.25036876282084,202.22600104035962,749.0342135949762
