basin,count,mean_km,median_km,p90_km,p95_km,max_km
20,1984,33.33638334023807,25.460383873770155,65.85049403954044,84.69921386185034,366.3861176859336
