basin,count,mean_km,median_km,p90_km,p95_km,max_km
20,1285,201.34484326942314,160.27440461886192,391.375094194793,518.4337098278462,1193.2343501073142
