{
  "val": {
    "split": "val",
    "AUPRC": 0.33287852758804726,
    "AUROC": 0.9067444731231062,
    "Brier": 0.03323695882305286,
    "ECE": 0.03963338914018482,
    "best_F1": 0.4313725490191403,
    "best_threshold": 0.0774346913526824,
    "best_precision": 0.34375,
    "best_recall": 0.5789473684210527,
    "TP": 11,
    "FP": 22,
    "TN": 447,
    "FN": 8,
    "positives": 19,
    "negatives": 469
  },
  "test": {
    "split": "test",
    "AUPRC": 0.23648383978877757,
    "AUROC": 0.8125368682315492,
    "Brier": 0.04188305511074739,
    "ECE": 0.027414159465574583,
    "best_F1": 0.29940119760431,
    "best_threshold": 0.12184332995956926,
    "best_precision": 0.25,
    "best_recall": 0.373134328358209,
    "TP": 25,
    "FP": 76,
    "TN": 1265,
    "FN": 42,
    "positives": 67,
    "negatives": 1341
  }
}