{
  "TEST_at_VAL_F1opt": {
    "threshold": 0.0774346913526824,
    "TP": 29,
    "FP": 123,
    "TN": 1218,
    "FN": 38
  },
  "TEST_at_VAL_P>=0.20": {
    "threshold": 0.037007666242339046,
    "TP": 45,
    "FP": 265,
    "TN": 1076,
    "FN": 22
  },
  "TEST_at_VAL_P>=0.30": {
    "threshold": 0.05602732462576969,
    "TP": 35,
    "FP": 161,
    "TN": 1180,
    "FN": 32
  },
  "TEST_at_VAL_P>=0.40": {
    "threshold": 0.16626921574198972,
    "TP": 17,
    "FP": 42,
    "TN": 1299,
    "FN": 50
  }
}