{
  "thr_at_P>=0.20": 0.037007666242339046,
  "R_at_P>=0.20": 0.8421052631578947,
  "thr_at_P>=0.30": 0.05602732462576969,
  "R_at_P>=0.30": 0.6842105263157895,
  "thr_at_P>=0.40": 0.16626921574198972,
  "R_at_P>=0.40": 0.2631578947368421,
  "thr_F1_opt": 0.0774346913526824,
  "P_F1_opt": 0.34375,
  "R_F1_opt": 0.5789473684210527
}